"Message",Low,"Die .NET Native-Kompilierung wird gestartet."
"Message",Low,""
"Message",Low,""
"Message",Low,"Task ""Gatekeeper"""
"Message",Normal,"""C:\Program Files (x86)\Microsoft SDKs\UWPNuGetPackages\runtime.win10-x64.microsoft.net.native.compiler\2.2.7-rel-27913-00\tools\x64\ilc\ilc.exe --gatekeeper @""C:\Users\zivi\Desktop\Projects (GIT)\API-2-OOP\API2OOP_UWP\obj\x64\Release\ilc\intermediate\gkargs.rsp"""" wird gestartet."
"Message",Low,"Microsoft (R) .NET Native Gatekeeper Version 2.2.27913.00 "
"Message",Low,"Copyright (C) Microsoft Corporation.  All rights reserved. "
"Message",Low," "
"Message",Low,"Assembly ""C:\Users\zivi\Desktop\Projects (GIT)\API-2-OOP\API2OOP_UWP\obj\x64\Release\ilc\in\API2OOP.exe"" wird gepr�ft. "
"Message",Low,"Assembly ""C:\Users\zivi\Desktop\Projects (GIT)\API-2-OOP\API2OOP_UWP\obj\x64\Release\ilc\in\Newtonsoft.Json.dll"" wird gepr�ft. "
"Message",Low,"ILCTelemetry: System.ArgumentException: Could not deserialize to TelemetrySession object"
"Message",Low,"Parametername: serializedSession ---> System.Runtime.Serialization.SerializationException: Fehler beim Deserialisieren des Objekts ""vom Typ Microsoft.VisualStudio.Telemetry.TelemetrySessionSettings"". Es wurde das Token """""" erwartet, doch gefunden wurde ""I"". ---> System.Xml.XmlException: Es wurde das Token """""" erwartet, doch gefunden wurde ""I""."
"Message",Low,"   bei System.Xml.XmlExceptionHelper.ThrowXmlException(XmlDictionaryReader reader, String res, String arg1, String arg2, String arg3)"
"Message",Low,"   bei System.Xml.XmlExceptionHelper.ThrowTokenExpected(XmlDictionaryReader reader, String expected, Char found)"
"Message",Low,"   bei System.Runtime.Serialization.Json.XmlJsonReader.ReadServerTypeAttribute(Boolean consumedObjectChar)"
"Message",Low,"   bei System.Runtime.Serialization.Json.XmlJsonReader.ReadAttributes()"
"Message",Low,"   bei System.Runtime.Serialization.Json.XmlJsonReader.ReadNonExistentElementName(StringHandleConstStringType elementName)"
"Message",Low,"   bei System.Runtime.Serialization.Json.XmlJsonReader.Read()"
"Message",Low,"   bei System.Xml.XmlBaseReader.IsStartElement()"
"Message",Low,"   bei System.Xml.XmlBaseReader.IsStartElement(XmlDictionaryString localName, XmlDictionaryString namespaceUri)"
"Message",Low,"   bei System.Runtime.Serialization.XmlReaderDelegator.IsStartElement(XmlDictionaryString localname, XmlDictionaryString ns)"
"Message",Low,"   bei System.Runtime.Serialization.XmlObjectSerializer.IsRootElement(XmlReaderDelegator reader, DataContract contract, XmlDictionaryString name, XmlDictionaryString ns)"
"Message",Low,"   bei System.Runtime.Serialization.Json.DataContractJsonSerializer.InternalIsStartObject(XmlReaderDelegator reader)"
"Message",Low,"   bei System.Runtime.Serialization.Json.DataContractJsonSerializer.InternalReadObject(XmlReaderDelegator xmlReader, Boolean verifyObjectName)"
"Message",Low,"   bei System.Runtime.Serialization.XmlObjectSerializer.InternalReadObject(XmlReaderDelegator reader, Boolean verifyObjectName, DataContractResolver dataContractResolver)"
"Message",Low,"   bei System.Runtime.Serialization.XmlObjectSerializer.ReadObjectHandleExceptions(XmlReaderDelegator reader, Boolean verifyObjectName, DataContractResolver dataContractResolver)"
"Message",Low,"   --- Ende der internen Ausnahmestapel�berwachung ---"
"Message",Low,"   bei System.Runtime.Serialization.XmlObjectSerializer.ReadObjectHandleExceptions(XmlReaderDelegator reader, Boolean verifyObjectName, DataContractResolver dataContractResolver)"
"Message",Low,"   bei System.Runtime.Serialization.Json.DataContractJsonSerializer.ReadObject(XmlDictionaryReader reader)"
"Message",Low,"   bei System.Runtime.Serialization.Json.DataContractJsonSerializer.ReadObject(Stream stream)"
"Message",Low,"   bei Microsoft.VisualStudio.Telemetry.TelemetrySessionSettings.Deserialize(String settings)"
"Message",Low,"   bei Microsoft.VisualStudio.Telemetry.TelemetrySessionSettings.Parse(String serializedSession)"
"Message",Low,"   --- Ende der internen Ausnahmestapel�berwachung ---"
"Message",Low,"   bei Microsoft.VisualStudio.Telemetry.TelemetrySessionSettings.Parse(String serializedSession)"
"Message",Low,"   bei ILCTelemetry.Program.ReadEvents()"
"Message",Low,"   bei ILCTelemetry.Program.Main(String[] args)"
"Message",Normal,"""C:\Program Files (x86)\Microsoft SDKs\UWPNuGetPackages\runtime.win10-x64.microsoft.net.native.compiler\2.2.7-rel-27913-00\tools\x64\ilc\ilc.exe --gatekeeper @""C:\Users\zivi\Desktop\Projects (GIT)\API-2-OOP\API2OOP_UWP\obj\x64\Release\ilc\intermediate\gkargs.rsp"""" wurde abgeschlossen."
"Message",Normal,"Statistiken für die Prozessausführung (alle Zeitangaben in Millisekunden)"
"Message",Normal,"-----------------------------------------------------------------------------"
"Message",Normal,"Start |  Starten   |   Beenden   |   Ende    | Dauer | Lebensdauer | [Slot] Name"
"Message",Normal,"-----------------------------------------------------------------------------"
"Message",Normal,"       0 |       16 |      500 |      500 |      484 |      500 | [0] Gatekeeper"
"Message",Normal,"Anzahl der Befehle:      1"
"Message",Normal,"Systemzeit gesamt:       500 ms"
"Message",Normal,"Systemzeit pro Befehl: 500 ms"
"Message",Normal,"Dauer gesamt:          484 ms"
"Message",Normal,"Lebensdauer gesamt:          500 ms"
"Message",Normal,"Angeforderter DOP:           4"
"Message",Normal,"Dauer DOP:            1,0"
"Message",Normal,"Lebensdauer DOP:            1,0"
"Message",Low,"Die Ausführung von Task ""Gatekeeper"" wurde beendet."
"Message",Low,"Die Erstellung des Ziels ""RunGatekeeper"" in der Datei ""Preparation"" ist abgeschlossen."
"Message",Low,""
"Message",Low,"Die Erstellung des Ziels ""CreateToolchainGeneratedAssembly"" in der Datei ""Preparation"" ist abgeschlossen."
"Message",Low,""
"Message",Low,"Task ""PreMergeAssemblyClosure"""
"Message",Low,"Die Ausführung von Task ""PreMergeAssemblyClosure"" wurde beendet."
"Message",Low,"Die Erstellung des Ziels ""ConstructPreMergeAssemblyClosure"" in der Datei ""Preparation"" ist abgeschlossen."
"Message",Low,""
"Message",Low,"Task ""McgReferenceResolveFilePath"""
"Message",Low,"Die Ausführung von Task ""McgReferenceResolveFilePath"" wurde beendet."
"Message",Low,"Die Erstellung des Ziels ""PreResolveTransforms"" in der Datei ""Preparation"" ist abgeschlossen."
"Message",Low,""
"Message",Low,"Task ""ResolveToolchainRequiredAssemblyRoots"""
"Message",Low,"Die Ausführung von Task ""ResolveToolchainRequiredAssemblyRoots"" wurde beendet."
"Message",Low,"Task ""ILTransformAssemblyClosure"""
"Message",Low,"Die Ausführung von Task ""ILTransformAssemblyClosure"" wurde beendet."
"Message",Low,"Task ""ResolveToolchainRequiredAssemblyRoots"""
"Message",Low,"Die Ausführung von Task ""ResolveToolchainRequiredAssemblyRoots"" wurde beendet."
"Message",Low,"Task ""ReducedCopyAssemblyClosure"""
"Message",Low,"Die Ausführung von Task ""ReducedCopyAssemblyClosure"" wurde beendet."
"Message",Low,"Die Erstellung des Ziels ""ConstructILTransformAssemblyClosure"" in der Datei ""Preparation"" ist abgeschlossen."
"Message",Low,"Die Erstellung des Projekts ""Preparation"" ist abgeschlossen."
"Message",Low,""
"Message",Low,""
"Message",High,"Der Anwendungscode wird verarbeitet."
"Message",Low,"Task ""RunILTransforms"""
"Message",Normal,"Die DumpNativeResources-Transformation wird ausgeführt, Heap bei 18 MB."
"Message",Normal,"Die Analysis-Transformation wird ausgeführt, Heap bei 32 MB."
"Message",Low,"98 Module werden geladen..."
"Message",Normal,"Importierte Reflektionsdirektiven aus 16 Dateien:"
"Message",Normal,"C:\Users\zivi\Desktop\Projects (GIT)\API-2-OOP\API2OOP_UWP\obj\x64\Release\ilc\in\Properties\Default.rd.xml"
"Message",Normal,"Eingebettetes Manifest in System.Private.Interop: Resources.System.Private.Interop.rd.xml"
"Message",Normal,"Eingebettetes Manifest in System.Private.WinRTInterop.CoreLib: Resources.System.Private.WinRTInterop.CoreLib.rd.xml"
"Message",Normal,"Eingebettetes Manifest in System.Runtime.WindowsRuntime.UI.Xaml: Resources.System.Runtime.WindowsRuntime.UI.Xaml.rd.xml"
"Message",Normal,"Eingebettetes Manifest in System.Linq.Expressions: System.Linq.Expressions.Resources.System.Linq.Expressions.rd.xml"
"Message",Normal,"Eingebettetes Manifest in Microsoft.CSharp: Microsoft.CSharp.Resources.Microsoft.CSharp.rd.xml"
"Message",Normal,"Eingebettetes Manifest in System.Private.CoreLib: Resources.System.Private.CoreLib.rd.xml"
"Message",Normal,"Eingebettetes Manifest in System.Private.Uri: Resources.System.Private.Uri.rd.xml"
"Message",Normal,"Eingebettetes Manifest in System.Private.Reflection.Core: System.Private.Reflection.Core.rd.xml"
"Message",Normal,"Eingebettetes Manifest in System.Private.Xml: System.Xml.Resources.System.Private.Xml.rd.xml"
"Message",Normal,"Eingebettetes Manifest in System.Runtime.Serialization.Formatters: System.Runtime.Serialization.Formatters.Resources.System.Runtime.Serialization.Formatters.rd.xml"
"Message",Normal,"Eingebettetes Manifest in System.ComponentModel.TypeConverter: System.ComponentModel.TypeConverter.Resources.System.ComponentModel.TypeConverter.rd.xml"
"Message",Normal,"Eingebettetes Manifest in System.Runtime.Serialization.Primitives: System.Runtime.Serialization.Primitives.Resources.System.Runtime.Serialization.Primitives.rd.xml"
"Message",Normal,"Eingebettetes Manifest in System.Data.Common: Resources.System.Data.Common.rd.xml"
"Message",Normal,"Eingebettetes Manifest in System.Net.Primitives: Resources.System.Net.Primitives.rd.xml"
"Message",Normal,"Newtonsoft.Json"
"Message",Normal,"Importierte XAML-Stämme aus 1 Dateien:"
"Message",Normal,"C:\Users\zivi\Desktop\Projects (GIT)\API-2-OOP\API2OOP_UWP\obj\x64\Release\ilc\in\API2OOP.xr.xml"
"Message",Normal,"Die Mcg-Transformation wird ausgeführt, Heap bei 358 MB."
"Message",High,"Das Schließen der Anwendung wird berechnet und der Interop-Code erstellt."
"Message",High,"  98 Module werden geladen..."
"Message",Normal,"          P/Invoke ""RhpGetFuncEvalParameterBufferSize"" mit [DllImport(ExactSpelling=true)] wurde in ""[MRT]!RhpGetFuncEvalParameterBufferSize"" aufgelöst."
"Message",Normal,"          P/Invoke ""RhpGetFuncEvalMode"" mit [DllImport(ExactSpelling=true)] wurde in ""[MRT]!RhpGetFuncEvalMode"" aufgelöst."
"Message",Normal,"          P/Invoke ""RhpRecordDebuggeeInitiatedHandle"" mit [DllImport(ExactSpelling=true)] wurde in ""[MRT]!RhpRecordDebuggeeInitiatedHandle"" aufgelöst."
"Message",Normal,"          P/Invoke ""RhpVerifyDebuggerCleanup"" mit [DllImport(ExactSpelling=true)] wurde in ""[MRT]!RhpVerifyDebuggerCleanup"" aufgelöst."
"Message",Normal,"          P/Invoke ""RhpGetCurrentThread"" mit [DllImport(ExactSpelling=true)] wurde in ""[MRT]!RhpGetCurrentThread"" aufgelöst."
"Message",Normal,"          P/Invoke ""RhWaitForPendingFinalizers"" mit [DllImport(ExactSpelling=true)] wurde in ""[MRT]!RhWaitForPendingFinalizers"" aufgelöst."
"Message",Normal,"          P/Invoke ""RhYield"" mit [DllImport(ExactSpelling=true)] wurde in ""[MRT]!RhYield"" aufgelöst."
"Message",Normal,"          P/Invoke ""RhFlushProcessWriteBuffers"" mit [DllImport(ExactSpelling=true)] wurde in ""[MRT]!RhFlushProcessWriteBuffers"" aufgelöst."
"Message",Normal,"          P/Invoke ""RhCompatibleReentrantWaitAny"" mit [DllImport(ExactSpelling=true)] wurde in ""[MRT]!RhCompatibleReentrantWaitAny"" aufgelöst."
"Message",Normal,"          P/Invoke ""RhCallDescrWorker"" mit [DllImport(ExactSpelling=true)] wurde in ""[MRT]!RhCallDescrWorker"" aufgelöst."
"Message",Normal,"          P/Invoke ""_ecvt_s"" mit [DllImport(ExactSpelling=true)] wurde in ""[MRT]!_ecvt_s"" aufgelöst."
"Message",Normal,"          P/Invoke ""memmove"" mit [DllImport(ExactSpelling=true)] wurde in ""[MRT]!memmove"" aufgelöst."
"Message",Normal,"          P/Invoke ""memset"" mit [DllImport(ExactSpelling=true)] wurde in ""[MRT]!memset"" aufgelöst."
"Message",Normal,"          P/Invoke ""CallingConventionConverter_GetStubs"" mit [DllImport(ExactSpelling=true)] wurde in ""*!CallingConventionConverter_GetStubs"" aufgelöst."
"Message",Normal,"          P/Invoke ""WindowsCreateStringReference"" wurde aus ""SupportedAPIs.xml"" in ""WindowsCreateStringReference!api-ms-win-core-winrt-string-l1-1-0.dll"" aufgelöst."
"Message",Normal,"          P/Invoke ""GetLastError"" wurde aus ""SupportedAPIs.xml"" in ""GetLastError!api-ms-win-core-errorhandling-l1-1-0.dll"" aufgelöst."
"Message",Normal,"          P/Invoke ""SetLastError"" wurde aus ""SupportedAPIs.xml"" in ""SetLastError!api-ms-win-core-errorhandling-l1-1-0.dll"" aufgelöst."
"Message",Normal,"          P/Invoke ""RoInitialize"" wurde aus ""SupportedAPIs.xml"" in ""RoInitialize!api-ms-win-core-winrt-l1-1-0.dll"" aufgelöst."
"Message",Normal,"          P/Invoke ""IsValidLocaleName"" wurde aus ""SupportedAPIs.xml"" in ""IsValidLocaleName!api-ms-win-core-localization-l1-2-0.dll"" aufgelöst."
"Message",Normal,"          P/Invoke ""ResolveLocaleName"" wurde aus ""SupportedAPIs.xml"" in ""ResolveLocaleName!api-ms-win-core-localization-l1-2-0.dll"" aufgelöst."
"Message",Normal,"          P/Invoke ""CertDuplicateCertificateContext"" wurde aus ""SupportedAPIs.xml"" in ""CertDuplicateCertificateContext!crypt32.dll"" aufgelöst."
"Message",Normal,"          P/Invoke ""CertGetCertificateContextProperty"" wurde aus ""SupportedAPIs.xml"" in ""CertGetCertificateContextProperty!crypt32.dll"" aufgelöst."
"Message",Normal,"          P/Invoke ""GetCPInfoExW"" wurde aus ""SupportedAPIs.xml"" in ""GetCPInfoExW!kernel32.dll"" aufgelöst."
"Message",Normal,"          P/Invoke ""CryptQueryObject"" wurde aus ""SupportedAPIs.xml"" in ""CryptQueryObject!crypt32.dll"" aufgelöst."
"Message",Normal,"          P/Invoke ""CertDuplicateCertificateContext"" wurde aus ""SupportedAPIs.xml"" in ""CertDuplicateCertificateContext!crypt32.dll"" aufgelöst."
"Message",Normal,"          P/Invoke ""CertFreeCertificateContext"" wurde aus ""SupportedAPIs.xml"" in ""CertFreeCertificateContext!crypt32.dll"" aufgelöst."
"Message",Normal,"          P/Invoke ""CryptMsgGetParam"" wurde aus ""SupportedAPIs.xml"" in ""CryptMsgGetParam!crypt32.dll"" aufgelöst."
"Message",Normal,"          P/Invoke ""CryptMsgGetParam"" wurde aus ""SupportedAPIs.xml"" in ""CryptMsgGetParam!crypt32.dll"" aufgelöst."
"Message",Normal,"          P/Invoke ""PFXImportCertStore"" wurde aus ""SupportedAPIs.xml"" in ""PFXImportCertStore!crypt32.dll"" aufgelöst."
"Message",Normal,"          P/Invoke ""CryptFindOIDInfo"" wurde aus ""SupportedAPIs.xml"" in ""CryptFindOIDInfo!crypt32.dll"" aufgelöst."
"Message",Normal,"          P/Invoke ""CoCreateInstance"" wurde aus ""SupportedAPIs.xml"" in ""CoCreateInstance!api-ms-win-core-com-l1-1-0.dll"" aufgelöst."
"Message",Normal,"          P/Invoke ""GetCurrentProcessId"" wurde aus ""SupportedAPIs.xml"" in ""GetCurrentProcessId!kernel32.dll"" aufgelöst."
"Message",Normal,"          P/Invoke ""CertGetCertificateContextProperty"" wurde aus ""SupportedAPIs.xml"" in ""CertGetCertificateContextProperty!crypt32.dll"" aufgelöst."
"Message",Normal,"          P/Invoke ""CertCloseStore"" wurde aus ""SupportedAPIs.xml"" in ""CertCloseStore!crypt32.dll"" aufgelöst."
"Message",Normal,"          P/Invoke ""CryptMsgClose"" wurde aus ""SupportedAPIs.xml"" in ""CryptMsgClose!crypt32.dll"" aufgelöst."
"Message",Normal,"          P/Invoke ""CertFindCertificateInStore"" wurde aus ""SupportedAPIs.xml"" in ""CertFindCertificateInStore!crypt32.dll"" aufgelöst."
"Message",Normal,"          P/Invoke ""CryptAcquireContextW"" wurde aus ""SupportedAPIs.xml"" in ""CryptAcquireContextW!advapi32.dll"" aufgelöst."
"Message",Normal,"          P/Invoke ""CertEnumCertificatesInStore"" wurde aus ""SupportedAPIs.xml"" in ""CertEnumCertificatesInStore!crypt32.dll"" aufgelöst."
"Message",Normal,"          P/Invoke ""WSAGetOverlappedResult"" wurde aus ""SupportedAPIs.xml"" in ""WSAGetOverlappedResult!ws2_32.dll"" aufgelöst."
"Message",Normal,"          P/Invoke ""SysFreeString"" wurde aus ""SupportedAPIs.xml"" in ""SysFreeString!OleAut32"" aufgelöst."
"Message",Normal,"          P/Invoke ""FormatMessageW"" wurde aus ""SupportedAPIs.xml"" in ""FormatMessageW!kernel32.dll"" aufgelöst."
"Message",Normal,"          P/Invoke ""CertGetNameStringW"" wurde aus ""SupportedAPIs.xml"" in ""CertGetNameStringW!crypt32.dll"" aufgelöst."
"Message",Normal,"          P/Invoke ""NCryptOpenKey"" wurde aus ""SupportedAPIs.xml"" in ""NCryptOpenKey!ncrypt.dll"" aufgelöst."
"Message",Normal,"          P/Invoke ""setsockopt"" wurde aus ""SupportedAPIs.xml"" in ""setsockopt!ws2_32.dll"" aufgelöst."
"Message",Normal,"          P/Invoke ""setsockopt"" wurde aus ""SupportedAPIs.xml"" in ""setsockopt!ws2_32.dll"" aufgelöst."
"Message",Normal,"          P/Invoke ""NCryptDeleteKey"" wurde aus ""SupportedAPIs.xml"" in ""NCryptDeleteKey!ncrypt.dll"" aufgelöst."
"Message",Normal,"          P/Invoke ""NCryptOpenStorageProvider"" wurde aus ""SupportedAPIs.xml"" in ""NCryptOpenStorageProvider!ncrypt.dll"" aufgelöst."
"Message",Normal,"          P/Invoke ""NCryptFreeObject"" wurde aus ""SupportedAPIs.xml"" in ""NCryptFreeObject!ncrypt.dll"" aufgelöst."
"Message",Normal,"          P/Invoke ""BCryptGenRandom"" wurde aus ""SupportedAPIs.xml"" in ""BCryptGenRandom!BCrypt.dll"" aufgelöst."
"Message",Normal,"          P/Invoke ""FormatMessageW"" wurde aus ""SupportedAPIs.xml"" in ""FormatMessageW!kernel32.dll"" aufgelöst."
"Message",Normal,"          P/Invoke ""FormatMessageW"" wurde aus ""SupportedAPIs.xml"" in ""FormatMessageW!kernel32.dll"" aufgelöst."
"Message",Normal,"          P/Invoke ""RoGetBufferMarshaler"" wurde aus ""SupportedAPIs.xml"" in ""RoGetBufferMarshaler!api-ms-win-core-winrt-robuffer-l1-1-0.dll"" aufgelöst."
"Message",Normal,"          P/Invoke ""FormatMessageW"" wurde aus ""SupportedAPIs.xml"" in ""FormatMessageW!kernel32.dll"" aufgelöst."
"Message",Normal,"          P/Invoke ""getsockname"" wurde aus ""SupportedAPIs.xml"" in ""getsockname!ws2_32.dll"" aufgelöst."
"Message",Normal,"          P/Invoke ""getpeername"" wurde aus ""SupportedAPIs.xml"" in ""getpeername!ws2_32.dll"" aufgelöst."
"Message",Normal,"          P/Invoke ""CertGetNameStringW"" wurde aus ""SupportedAPIs.xml"" in ""CertGetNameStringW!crypt32.dll"" aufgelöst."
"Message",Normal,"          P/Invoke ""WSAStartup"" wurde aus ""SupportedAPIs.xml"" in ""WSAStartup!ws2_32.dll"" aufgelöst."
"Message",Normal,"          P/Invoke ""select"" wurde aus ""SupportedAPIs.xml"" in ""select!ws2_32.dll"" aufgelöst."
"Message",Normal,"          P/Invoke ""select"" wurde aus ""SupportedAPIs.xml"" in ""select!ws2_32.dll"" aufgelöst."
"Message",Normal,"          P/Invoke ""ioctlsocket"" wurde aus ""SupportedAPIs.xml"" in ""ioctlsocket!ws2_32.dll"" aufgelöst."
"Message",Normal,"          P/Invoke ""shutdown"" wurde aus ""SupportedAPIs.xml"" in ""shutdown!ws2_32.dll"" aufgelöst."
"Message",Normal,"          P/Invoke ""setsockopt"" wurde aus ""SupportedAPIs.xml"" in ""setsockopt!ws2_32.dll"" aufgelöst."
"Message",Normal,"          P/Invoke ""CryptGetKeyParam"" wurde aus ""SupportedAPIs.xml"" in ""CryptGetKeyParam!advapi32.dll"" aufgelöst."
"Message",Normal,"          P/Invoke ""recv"" wurde aus ""SupportedAPIs.xml"" in ""recv!ws2_32.dll"" aufgelöst."
"Message",Normal,"          P/Invoke ""WSAIoctl"" wurde aus ""SupportedAPIs.xml"" in ""WSAIoctl!ws2_32.dll"" aufgelöst."
"Message",Normal,"          P/Invoke ""CryptFindOIDInfo"" wurde aus ""SupportedAPIs.xml"" in ""CryptFindOIDInfo!crypt32.dll"" aufgelöst."
"Message",Normal,"          P/Invoke ""RevertToSelf"" wurde aus ""SupportedAPIs.xml"" in ""RevertToSelf!advapi32.dll"" aufgelöst."
"Message",Normal,"          P/Invoke ""ImpersonateLoggedOnUser"" wurde aus ""SupportedAPIs.xml"" in ""ImpersonateLoggedOnUser!advapi32.dll"" aufgelöst."
"Message",Normal,"          P/Invoke ""GetAddrInfoW"" wurde aus ""SupportedAPIs.xml"" in ""GetAddrInfoW!ws2_32.dll"" aufgelöst."
"Message",Normal,"          P/Invoke ""WSASocketW"" wurde aus ""SupportedAPIs.xml"" in ""WSASocketW!ws2_32.dll"" aufgelöst."
"Message",Normal,"          P/Invoke ""closesocket"" wurde aus ""SupportedAPIs.xml"" in ""closesocket!ws2_32.dll"" aufgelöst."
"Message",Normal,"          P/Invoke ""WSASocketW"" wurde aus ""SupportedAPIs.xml"" in ""WSASocketW!ws2_32.dll"" aufgelöst."
"Message",Normal,"          P/Invoke ""WSAConnect"" wurde aus ""SupportedAPIs.xml"" in ""WSAConnect!ws2_32.dll"" aufgelöst."
"Message",Normal,"          P/Invoke ""CryptGetDefaultProviderW"" wurde aus ""SupportedAPIs.xml"" in ""CryptGetDefaultProviderW!advapi32.dll"" aufgelöst."
"Message",Normal,"          P/Invoke ""CryptAcquireContextW"" wurde aus ""SupportedAPIs.xml"" in ""CryptAcquireContextW!advapi32.dll"" aufgelöst."
"Message",Normal,"          P/Invoke ""CryptGetUserKey"" wurde aus ""SupportedAPIs.xml"" in ""CryptGetUserKey!advapi32.dll"" aufgelöst."
"Message",Normal,"          P/Invoke ""listen"" wurde aus ""SupportedAPIs.xml"" in ""listen!ws2_32.dll"" aufgelöst."
"Message",Normal,"          P/Invoke ""CertGetCertificateChain"" wurde aus ""SupportedAPIs.xml"" in ""CertGetCertificateChain!crypt32.dll"" aufgelöst."
"Message",Normal,"          P/Invoke ""CertNameToStrW"" wurde aus ""SupportedAPIs.xml"" in ""CertNameToStrW!crypt32.dll"" aufgelöst."
"Message",Normal,"          P/Invoke ""CryptFormatObject"" wurde aus ""SupportedAPIs.xml"" in ""CryptFormatObject!crypt32.dll"" aufgelöst."
"Message",Normal,"          P/Invoke ""GetCurrentThread"" wurde aus ""SupportedAPIs.xml"" in ""GetCurrentThread!kernel32.dll"" aufgelöst."
"Message",Normal,"          P/Invoke ""OpenThreadToken"" wurde aus ""SupportedAPIs.xml"" in ""OpenThreadToken!advapi32.dll"" aufgelöst."
"Message",Normal,"          P/Invoke ""GetCurrentProcess"" wurde aus ""SupportedAPIs.xml"" in ""GetCurrentProcess!kernel32.dll"" aufgelöst."
"Message",Normal,"          P/Invoke ""OpenProcessToken"" wurde aus ""SupportedAPIs.xml"" in ""OpenProcessToken!advapi32.dll"" aufgelöst."
"Message",Normal,"          P/Invoke ""CryptGetProvParam"" wurde aus ""SupportedAPIs.xml"" in ""CryptGetProvParam!advapi32.dll"" aufgelöst."
"Message",Normal,"          P/Invoke ""bind"" wurde aus ""SupportedAPIs.xml"" in ""bind!ws2_32.dll"" aufgelöst."
"Message",Normal,"          P/Invoke ""getsockopt"" wurde aus ""SupportedAPIs.xml"" in ""getsockopt!ws2_32.dll"" aufgelöst."
"Message",Normal,"          P/Invoke ""send"" wurde aus ""SupportedAPIs.xml"" in ""send!ws2_32.dll"" aufgelöst."
"Message",Normal,"          P/Invoke ""CryptDestroyKey"" wurde aus ""SupportedAPIs.xml"" in ""CryptDestroyKey!advapi32.dll"" aufgelöst."
"Message",Normal,"          P/Invoke ""CryptFormatObject"" wurde aus ""SupportedAPIs.xml"" in ""CryptFormatObject!crypt32.dll"" aufgelöst."
"Message",Normal,"          P/Invoke ""CloseHandle"" wurde aus ""SupportedAPIs.xml"" in ""CloseHandle!kernel32.dll"" aufgelöst."
"Message",Normal,"          P/Invoke ""freeaddrinfo"" wurde aus ""SupportedAPIs.xml"" in ""freeaddrinfo!ws2_32.dll"" aufgelöst."
"Message",Normal,"          P/Invoke ""FreeAddrInfoExW"" wurde aus ""SupportedAPIs.xml"" in ""FreeAddrInfoExW!ws2_32.dll"" aufgelöst."
"Message",Normal,"          P/Invoke ""WSASocketW"" wurde aus ""SupportedAPIs.xml"" in ""WSASocketW!ws2_32.dll"" aufgelöst."
"Message",Normal,"          P/Invoke ""closesocket"" wurde aus ""SupportedAPIs.xml"" in ""closesocket!ws2_32.dll"" aufgelöst."
"Message",Normal,"          P/Invoke ""gethostname"" wurde aus ""SupportedAPIs.xml"" in ""gethostname!ws2_32.dll"" aufgelöst."
"Message",Normal,"          P/Invoke ""getsockopt"" wurde aus ""SupportedAPIs.xml"" in ""getsockopt!ws2_32.dll"" aufgelöst."
"Message",Normal,"          P/Invoke ""getsockopt"" wurde aus ""SupportedAPIs.xml"" in ""getsockopt!ws2_32.dll"" aufgelöst."
"Message",Normal,"          P/Invoke ""getsockopt"" wurde aus ""SupportedAPIs.xml"" in ""getsockopt!ws2_32.dll"" aufgelöst."
"Message",Normal,"          P/Invoke ""CryptImportPublicKeyInfoEx2"" wurde aus ""SupportedAPIs.xml"" in ""CryptImportPublicKeyInfoEx2!crypt32.dll"" aufgelöst."
"Message",Normal,"          P/Invoke ""BCryptExportKey"" wurde aus ""SupportedAPIs.xml"" in ""BCryptExportKey!BCrypt.dll"" aufgelöst."
"Message",Normal,"          P/Invoke ""CryptDecodeObject"" wurde aus ""SupportedAPIs.xml"" in ""CryptDecodeObject!crypt32.dll"" aufgelöst."
"Message",Normal,"          P/Invoke ""ioctlsocket"" wurde aus ""SupportedAPIs.xml"" in ""ioctlsocket!ws2_32.dll"" aufgelöst."
"Message",Normal,"          P/Invoke ""setsockopt"" wurde aus ""SupportedAPIs.xml"" in ""setsockopt!ws2_32.dll"" aufgelöst."
"Message",Normal,"          P/Invoke ""CryptReleaseContext"" wurde aus ""SupportedAPIs.xml"" in ""CryptReleaseContext!advapi32.dll"" aufgelöst."
"Message",Normal,"          P/Invoke ""CertFreeCertificateChain"" wurde aus ""SupportedAPIs.xml"" in ""CertFreeCertificateChain!crypt32.dll"" aufgelöst."
"Message",Normal,"          P/Invoke ""GetNetworkParams"" wurde aus ""SupportedAPIs.xml"" in ""GetNetworkParams!iphlpapi.dll"" aufgelöst."
"Message",Normal,"          P/Invoke ""LocalAlloc"" wurde aus ""SupportedAPIs.xml"" in ""LocalAlloc!kernel32.dll"" aufgelöst."
"Message",Normal,"          P/Invoke ""CertVerifyCertificateChainPolicy"" wurde aus ""SupportedAPIs.xml"" in ""CertVerifyCertificateChainPolicy!crypt32.dll"" aufgelöst."
"Message",Normal,"          P/Invoke ""LsaGetLogonSessionData"" wurde aus ""SupportedAPIs.xml"" in ""LsaGetLogonSessionData!sspicli.dll"" aufgelöst."
"Message",Normal,"          P/Invoke ""CertAddCertificateLinkToStore"" wurde aus ""SupportedAPIs.xml"" in ""CertAddCertificateLinkToStore!crypt32.dll"" aufgelöst."
"Message",Normal,"          P/Invoke ""FormatMessageW"" wurde aus ""SupportedAPIs.xml"" in ""FormatMessageW!kernel32.dll"" aufgelöst."
"Message",Normal,"          P/Invoke ""BCryptGetProperty"" wurde aus ""SupportedAPIs.xml"" in ""BCryptGetProperty!BCrypt.dll"" aufgelöst."
"Message",Normal,"          P/Invoke ""NCryptImportKey"" wurde aus ""SupportedAPIs.xml"" in ""NCryptImportKey!ncrypt.dll"" aufgelöst."
"Message",Normal,"          P/Invoke ""NCryptGetProperty"" wurde aus ""SupportedAPIs.xml"" in ""NCryptGetProperty!ncrypt.dll"" aufgelöst."
"Message",Normal,"          P/Invoke ""CryptImportKey"" wurde aus ""SupportedAPIs.xml"" in ""CryptImportKey!advapi32.dll"" aufgelöst."
"Message",Normal,"          P/Invoke ""CryptSetProvParam"" wurde aus ""SupportedAPIs.xml"" in ""CryptSetProvParam!advapi32.dll"" aufgelöst."
"Message",Normal,"          P/Invoke ""LsaNtStatusToWinError"" wurde aus ""SupportedAPIs.xml"" in ""LsaNtStatusToWinError!advapi32.dll"" aufgelöst."
"Message",Normal,"          P/Invoke ""DuplicateTokenEx"" wurde aus ""SupportedAPIs.xml"" in ""DuplicateTokenEx!advapi32.dll"" aufgelöst."
"Message",Normal,"          P/Invoke ""CheckTokenMembershipEx"" wurde aus ""SupportedAPIs.xml"" in ""CheckTokenMembershipEx!kernel32.dll"" aufgelöst."
"Message",Normal,"          P/Invoke ""BCryptDestroyKey"" wurde aus ""SupportedAPIs.xml"" in ""BCryptDestroyKey!BCrypt.dll"" aufgelöst."
"Message",Normal,"          P/Invoke ""LocalFree"" wurde aus ""SupportedAPIs.xml"" in ""LocalFree!kernel32.dll"" aufgelöst."
"Message",Normal,"          P/Invoke ""LsaFreeReturnBuffer"" wurde aus ""SupportedAPIs.xml"" in ""LsaFreeReturnBuffer!sspicli.dll"" aufgelöst."
"Message",Normal,"          P/Invoke ""CertControlStore"" wurde aus ""SupportedAPIs.xml"" in ""CertControlStore!crypt32.dll"" aufgelöst."
"Message",Normal,"          P/Invoke ""CertOpenStore"" wurde aus ""SupportedAPIs.xml"" in ""CertOpenStore!crypt32.dll"" aufgelöst."
"Message",Normal,"          P/Invoke ""accept"" wurde aus ""SupportedAPIs.xml"" in ""accept!ws2_32.dll"" aufgelöst."
"Message",Normal,"          P/Invoke ""GetAddrInfoExW"" wurde aus ""SupportedAPIs.xml"" in ""GetAddrInfoExW!ws2_32.dll"" aufgelöst."
"Message",Normal,"          P/Invoke ""WSARecv"" wurde aus ""SupportedAPIs.xml"" in ""WSARecv!ws2_32.dll"" aufgelöst."
"Message",Normal,"          P/Invoke ""WSASend"" wurde aus ""SupportedAPIs.xml"" in ""WSASend!ws2_32.dll"" aufgelöst."
"Message",Normal,"          P/Invoke ""NCryptSetProperty"" wurde aus ""SupportedAPIs.xml"" in ""NCryptSetProperty!ncrypt.dll"" aufgelöst."
"Message",Normal,"          P/Invoke ""CryptDecodeObject"" wurde aus ""SupportedAPIs.xml"" in ""CryptDecodeObject!crypt32.dll"" aufgelöst."
"Message",Normal,"          P/Invoke ""CryptSetProvParam"" wurde aus ""SupportedAPIs.xml"" in ""CryptSetProvParam!advapi32.dll"" aufgelöst."
"Message",Normal,"          P/Invoke ""GetTokenInformation"" wurde aus ""SupportedAPIs.xml"" in ""GetTokenInformation!advapi32.dll"" aufgelöst."
"Message",Normal,"          P/Invoke ""LocalAlloc"" wurde aus ""SupportedAPIs.xml"" in ""LocalAlloc!kernel32.dll"" aufgelöst."
"Message",Normal,"          P/Invoke ""LocalFree"" wurde aus ""SupportedAPIs.xml"" in ""LocalFree!kernel32.dll"" aufgelöst."
"Message",Normal,"          P/Invoke ""CryptFindOIDInfo"" wurde aus ""SupportedAPIs.xml"" in ""CryptFindOIDInfo!crypt32.dll"" aufgelöst."
"Message",Normal,"          P/Invoke ""CryptGenKey"" wurde aus ""SupportedAPIs.xml"" in ""CryptGenKey!advapi32.dll"" aufgelöst."
"Message",Normal,"          P/Invoke ""CertFindExtension"" wurde aus ""SupportedAPIs.xml"" in ""CertFindExtension!crypt32.dll"" aufgelöst."
"Message",Normal,"          P/Invoke ""CertGetValidUsages"" wurde aus ""SupportedAPIs.xml"" in ""CertGetValidUsages!crypt32.dll"" aufgelöst."
"Message",Normal,"          P/Invoke ""CertGetIntendedKeyUsage"" wurde aus ""SupportedAPIs.xml"" in ""CertGetIntendedKeyUsage!crypt32.dll"" aufgelöst."
"Message",Normal,"          P/Invoke ""GetNameInfoW"" wurde aus ""SupportedAPIs.xml"" in ""GetNameInfoW!ws2_32.dll"" aufgelöst."
"Message",Normal,"          P/Invoke ""BCryptCreateHash"" wurde aus ""SupportedAPIs.xml"" in ""BCryptCreateHash!BCrypt.dll"" aufgelöst."
"Message",Normal,"          P/Invoke ""BCryptGetProperty"" wurde aus ""SupportedAPIs.xml"" in ""BCryptGetProperty!BCrypt.dll"" aufgelöst."
"Message",Normal,"          P/Invoke ""GetTokenInformation"" wurde aus ""SupportedAPIs.xml"" in ""GetTokenInformation!advapi32.dll"" aufgelöst."
"Message",Normal,"          P/Invoke ""DuplicateHandle"" wurde aus ""SupportedAPIs.xml"" in ""DuplicateHandle!kernel32.dll"" aufgelöst."
"Message",Normal,"          P/Invoke ""CertVerifyTimeValidity"" wurde aus ""SupportedAPIs.xml"" in ""CertVerifyTimeValidity!crypt32.dll"" aufgelöst."
"Message",Normal,"          P/Invoke ""CertVerifyCertificateChainPolicy"" wurde aus ""SupportedAPIs.xml"" in ""CertVerifyCertificateChainPolicy!crypt32.dll"" aufgelöst."
"Message",Normal,"          P/Invoke ""BCryptOpenAlgorithmProvider"" wurde aus ""SupportedAPIs.xml"" in ""BCryptOpenAlgorithmProvider!BCrypt.dll"" aufgelöst."
"Message",Normal,"          P/Invoke ""LsaLookupSids"" wurde aus ""SupportedAPIs.xml"" in ""LsaLookupSids!advapi32.dll"" aufgelöst."
"Message",Normal,"          P/Invoke ""BCryptCloseAlgorithmProvider"" wurde aus ""SupportedAPIs.xml"" in ""BCryptCloseAlgorithmProvider!BCrypt.dll"" aufgelöst."
"Message",Normal,"          P/Invoke ""BCryptDestroyHash"" wurde aus ""SupportedAPIs.xml"" in ""BCryptDestroyHash!BCrypt.dll"" aufgelöst."
"Message",Normal,"          P/Invoke ""LsaLookupNames2"" wurde aus ""SupportedAPIs.xml"" in ""LsaLookupNames2!advapi32.dll"" aufgelöst."
"Message",Normal,"          P/Invoke ""CertEnumCertificatesInStore"" wurde aus ""SupportedAPIs.xml"" in ""CertEnumCertificatesInStore!crypt32.dll"" aufgelöst."
"Message",Normal,"          P/Invoke ""SetFileCompletionNotificationModes"" wurde aus ""SupportedAPIs.xml"" in ""SetFileCompletionNotificationModes!kernel32.dll"" aufgelöst."
"Message",Normal,"          P/Invoke ""LsaOpenPolicy"" wurde aus ""SupportedAPIs.xml"" in ""LsaOpenPolicy!advapi32.dll"" aufgelöst."
"Message",Normal,"          P/Invoke ""LsaClose"" wurde aus ""SupportedAPIs.xml"" in ""LsaClose!advapi32.dll"" aufgelöst."
"Message",Normal,"          P/Invoke ""LsaFreeMemory"" wurde aus ""SupportedAPIs.xml"" in ""LsaFreeMemory!advapi32.dll"" aufgelöst."
"Message",Normal,"          P/Invoke ""CertFreeCertificateContext"" wurde aus ""SupportedAPIs.xml"" in ""CertFreeCertificateContext!crypt32.dll"" aufgelöst."
"Message",Normal,"          P/Invoke ""EncryptMessage"" wurde aus ""SupportedAPIs.xml"" in ""EncryptMessage!sspicli.dll"" aufgelöst."
"Message",Normal,"          P/Invoke ""DecryptMessage"" wurde aus ""SupportedAPIs.xml"" in ""DecryptMessage!sspicli.dll"" aufgelöst."
"Message",Normal,"          P/Invoke ""EnumerateSecurityPackagesW"" wurde aus ""SupportedAPIs.xml"" in ""EnumerateSecurityPackagesW!sspicli.dll"" aufgelöst."
"Message",Normal,"          P/Invoke ""QueryContextAttributesW"" wurde aus ""SupportedAPIs.xml"" in ""QueryContextAttributesW!sspicli.dll"" aufgelöst."
"Message",Normal,"          P/Invoke ""ApplyControlToken"" wurde aus ""SupportedAPIs.xml"" in ""ApplyControlToken!sspicli.dll"" aufgelöst."
"Message",Normal,"          P/Invoke ""FreeContextBuffer"" wurde aus ""SupportedAPIs.xml"" in ""FreeContextBuffer!sspicli.dll"" aufgelöst."
"Message",Normal,"          P/Invoke ""AcceptSecurityContext"" wurde aus ""SupportedAPIs.xml"" in ""AcceptSecurityContext!sspicli.dll"" aufgelöst."
"Message",Normal,"          P/Invoke ""DeleteSecurityContext"" wurde aus ""SupportedAPIs.xml"" in ""DeleteSecurityContext!sspicli.dll"" aufgelöst."
"Message",Normal,"          P/Invoke ""InitializeSecurityContextW"" wurde aus ""SupportedAPIs.xml"" in ""InitializeSecurityContextW!sspicli.dll"" aufgelöst."
"Message",Normal,"          P/Invoke ""AcquireCredentialsHandleW"" wurde aus ""SupportedAPIs.xml"" in ""AcquireCredentialsHandleW!sspicli.dll"" aufgelöst."
"Message",Normal,"          P/Invoke ""FreeCredentialsHandle"" wurde aus ""SupportedAPIs.xml"" in ""FreeCredentialsHandle!sspicli.dll"" aufgelöst."
"Message",High,"  Code wird generiert..."
"Message",High,"  Interop-Code generiert."
"Message",Normal,"  Code in AssemblyInfo.g.cs geschrieben."
"Message",Normal,"  Code in Adapters.g.cs geschrieben."
"Message",Normal,"  Code in Data.g.cs geschrieben."
"Message",Normal,"  Code in Helpers.g.cs geschrieben."
"Message",Normal,"  Code in ImplTypes.g.cs geschrieben."
"Message",Normal,"  Code in PInvoke.g.cs geschrieben."
"Message",Normal,"  Code in SafeTypes.g.cs geschrieben."
"Message",Normal,"  Code in SharedStubs.g.cs geschrieben."
"Message",Normal,"Die GenerateCodeAndCompile-Transformation wird ausgeführt, Heap bei 370 MB."
"Message",High,"Der Interop-Code wird kompiliert."
"Message",Normal,"Bei der Kompilierung generierter Quellcode: C:\Program Files (x86)\Microsoft SDKs\UWPNuGetPackages\microsoft.net.native.compiler\2.2.7-rel-27913-00\tools\csc\csc.exe /noconfig @""C:\Users\zivi\Desktop\Projects (GIT)\API-2-OOP\API2OOP_UWP\obj\x64\Release\ilc\intermediate\API2OOP.McgInterop.rsp"""
"Message",High,"Der System.Reflection.DispatchProxy-Proxycode wird generiert."
"Message",Normal,"Die ReducedCopyInitialize-Transformation wird ausgeführt, Heap bei 370 MB."
"Message",Normal,"Die ReducedCopyEmptyTypes-Transformation wird ausgeführt, Heap bei 282 MB."
"Message",Normal,"Die ReducedCopyPopulateTypes-Transformation wird ausgeführt, Heap bei 287 MB."
"Message",Normal,"Die ReducedCopyLateMetadata-Transformation wird ausgeführt, Heap bei 321 MB."
"Message",Normal,"Die ReducedCopyPassResourcesToMutableAssembly-Transformation wird ausgeführt, Heap bei 345 MB."
"Message",Normal,"Die ReducedCopyMethodBodies-Transformation wird ausgeführt, Heap bei 347 MB."
"Message",Normal,"Die ReducedCopyComplete-Transformation wird ausgeführt, Heap bei 358 MB."
"Message",Normal,"Die ReducedCopyCleanup-Transformation wird ausgeführt, Heap bei 405 MB."
"Message",Normal,"Die DeveloperExperienceModeOnlyCodeRemover-Transformation wird ausgeführt, Heap bei 405 MB."
"Message",Normal,"Die ComImportDetector-Transformation wird ausgeführt, Heap bei 405 MB."
"Message",Normal,"Die McgAccessor-Transformation wird ausgeführt, Heap bei 405 MB."
"Message",Normal,"Die McgRedirect-Transformation wird ausgeführt, Heap bei 406 MB."
"Message",Normal,"Die McgRedirect-Transformation wird ausgeführt, Heap bei 412 MB."
"Message",Normal,"Die McgTypeOf-Transformation wird ausgeführt, Heap bei 413 MB."
"Message",Normal,"Die EventSource-Transformation wird ausgeführt, Heap bei 423 MB."
"Message",Normal,"Die ValueType-Transformation wird ausgeführt, Heap bei 423 MB."
"Message",Normal,"Die Attribute-Transformation wird ausgeführt, Heap bei 423 MB."
"Message",Normal,"Die GetType-Transformation wird ausgeführt, Heap bei 424 MB."
"Message",Normal,"Die McgFixups-Transformation wird ausgeführt, Heap bei 425 MB."
"Message",Normal,"Die ResourceManagerCtor-Transformation wird ausgeführt, Heap bei 426 MB."
"Message",Normal,"Die TypeofTypeHandle-Transformation wird ausgeführt, Heap bei 426 MB."
"Message",Normal,"Die DispatchProxyIntrinsics-Transformation wird ausgeführt, Heap bei 432 MB."
"Message",Normal,"Die StaticInitData-Transformation wird ausgeführt, Heap bei 432 MB."
"Message",Normal,"Die Delegate-Transformation wird ausgeführt, Heap bei 446 MB."
"Message",Normal,"Die LazyGenerics-Transformation wird ausgeführt, Heap bei 448 MB."
"Message",Normal,"Die AddReflectionBlockedAttributes-Transformation wird ausgeführt, Heap bei 404 MB."
"Message",Normal,"Die DisableOptimization-Transformation wird ausgeführt, Heap bei 405 MB."
"Message",Normal,"Die ResourceExtractor-Transformation wird ausgeführt, Heap bei 405 MB."
"Message",Normal,"Die CreateMetadata-Transformation wird ausgeführt, Heap bei 406 MB."
"Message",Normal,"Die StartupCodeInjector-Transformation wird ausgeführt, Heap bei 448 MB."
"Message",Normal,"Die SaveRVAStatics-Transformation wird ausgeführt, Heap bei 448 MB."
"Message",Normal,"Die ReflectionInvoke-Transformation wird ausgeführt, Heap bei 449 MB."
"Message",Normal,"Die ScrubOpenCalls-Transformation wird ausgeführt, Heap bei 451 MB."
"Message",Normal,"Die ConvertCatchIntoFilter-Transformation wird ausgeführt, Heap bei 452 MB."
"Message",Normal,"Die ReflectionMappingInfoEmit-Transformation wird ausgeführt, Heap bei 452 MB."
"Message",Normal,"Die ReflectionIntrinsics-Transformation wird ausgeführt, Heap bei 455 MB."
"Message",Normal,"Die ConvertManagedWinMD-Transformation wird ausgeführt, Heap bei 455 MB."
"Message",Normal,"Die DebuggerGuidedStepThroughJmc-Transformation wird ausgeführt, Heap bei 455 MB."
"Message",Normal,"Die Reducer-Transformation wird ausgeführt, Heap bei 459 MB."
"Message",High,"Code ohne Verweise wird bereinigt."
"Message",Normal,"Die WriteAssemblies-Transformation wird ausgeführt, Heap bei 533 MB."
"Message",Normal,""
"Message",Normal,"Transformationszusammenfassung"
"Message",Normal,"    ms | Heap-Delta | Name"
"Message",Normal," 10727 |        326 | Analysis"
"Message",Normal,"  3389 |       -340 | WriteAssemblies"
"Message",Normal,"  2856 |          0 | GenerateCodeAndCompile"
"Message",Normal,"  1936 |         74 | Reducer"
"Message",Normal,"   692 |         12 | Mcg"
"Message",Normal,"   495 |         42 | CreateMetadata"
"Message",Normal,"   490 |         11 | ReducedCopyMethodBodies"
"Message",Normal,"   396 |          1 | ResourceExtractor"
"Message",Normal,"   374 |         47 | ReducedCopyComplete"
"Message",Normal,"   371 |        -88 | ReducedCopyInitialize"
"Message",Normal,"   296 |        -44 | LazyGenerics"
"Message",Normal,"   188 |         34 | ReducedCopyPopulateTypes"
"Message",Normal,"   167 |         14 | DumpNativeResources"
"Message",Normal,"   139 |         24 | ReducedCopyLateMetadata"
"Message",Normal,"   132 |         10 | McgTypeOf"
"Message",Normal,"   129 |          6 | McgRedirect"
"Message",Normal,"    76 |          1 | McgRedirect"
"Message",Normal,"    73 |          1 | SaveRVAStatics"
"Message",Normal,"    62 |         14 | StaticInitData"
"Message",Normal,"    57 |          6 | TypeofTypeHandle"
"Message",Normal,"    26 |          1 | GetType"
"Message",Normal,"    16 |          5 | ReducedCopyEmptyTypes"
"Message",Normal,"    16 |          4 | DebuggerGuidedStepThroughJmc"
"Message",Normal,"    15 |          1 | ScrubOpenCalls"
"Message",Normal,"    13 |          0 | ReflectionIntrinsics"
"Message",Normal,"    13 |          0 | DispatchProxyIntrinsics"
"Message",Normal,"     7 |          1 | McgFixups"
"Message",Normal,"     7 |          2 | Delegate"
"Message",Normal,"     7 |          1 | McgAccessor"
"Message",Normal,"     6 |          0 | ConvertCatchIntoFilter"
"Message",Normal,"     6 |          2 | ReflectionInvoke"
"Message",Normal,"     3 |          0 | EventSource"
"Message",Normal,"     3 |          1 | Attribute"
"Message",Normal,"     3 |          3 | ReflectionMappingInfoEmit"
"Message",Normal,"     2 |          2 | ReducedCopyPassResourcesToMutableAssembly"
"Message",Normal,"     2 |          1 | AddReflectionBlockedAttributes"
"Message",Normal,"     2 |          0 | ReducedCopyCleanup"
"Message",Normal,"     2 |          0 | ValueType"
"Message",Normal,"     1 |          0 | StartupCodeInjector"
"Message",Normal,"     0 |          0 | DisableOptimization"
"Message",Normal,"     0 |          0 | DeveloperExperienceModeOnlyCodeRemover"
"Message",Normal,"     0 |          0 | ResourceManagerCtor"
"Message",Normal,"     0 |          0 | ConvertManagedWinMD"
"Message",Normal,"     0 |          0 | ComImportDetector"
"Message",Low,"Die Ausführung von Task ""RunILTransforms"" wurde beendet."
"Message",Low,"Die Erstellung des Ziels ""RunILTransforms"" in der Datei ""ILTransforms"" ist abgeschlossen."
"Message",Low,"Die Erstellung des Projekts ""ILTransforms"" ist abgeschlossen."
"Message",Low,""
"Message",Low,""
"Message",Low,"Die Erstellung des Ziels ""GenerateMDIL"" in der Datei ""Nutc"" ist abgeschlossen."
"Message",Low,""
"Message",High,"Nativer Code wird generiert."
"Message",Low,"Die Erstellung des Ziels ""MDILPrepareMultiFile"" in der Datei ""Nutc"" ist abgeschlossen."
"Message",Low,""
"Message",Low,"Die Erstellung des Ziels ""SetBinaryForReferences"" in der Datei ""Nutc"" ist abgeschlossen."
"Message",Low,""
"Message",Low,"Task ""GenerateMDILGlobalAnalysis"""
"Message",Normal,"""C:\Program Files (x86)\Microsoft SDKs\UWPNuGetPackages\runtime.win10-x64.microsoft.net.native.compiler\2.2.7-rel-27913-00\tools\x64\ilc\Tools\nutc_driver.exe @""C:\Users\zivi\Desktop\Projects (GIT)\API-2-OOP\API2OOP_UWP\obj\x64\Release\ilc\intermediate\MDIL\API2OOP.rsp"""" wird gestartet."
"Message",Low,"Microsoft (R) MDIL Compiler - Version 2.2.27913.00"
"Message",Low,"Copyright (c) Microsoft Corporation.  All rights reserved."
"Message",Low,"Eingabetypen werden untersucht"
"Message",Low,"12049 Methoden werden untersucht."
"Message",Low,"8157 Methoden werden untersucht."
"Message",Low,"5169 Methoden werden untersucht."
"Message",Low,"4443 Methoden werden untersucht."
"Message",Low,"3336 Methoden werden untersucht."
"Message",Low,"2815 Methoden werden untersucht."
"Message",Low,"3027 Methoden werden untersucht."
"Message",Low,"1949 Methoden werden untersucht."
"Message",Low,"1672 Methoden werden untersucht."
"Message",Low,"1113 Methoden werden untersucht."
"Message",Low,"773 Methoden werden untersucht."
"Message",Low,"670 Methoden werden untersucht."
"Message",Low,"544 Methoden werden untersucht."
"Message",Low,"474 Methoden werden untersucht."
"Message",Low,"460 Methoden werden untersucht."
"Message",Low,"296 Methoden werden untersucht."
"Message",Low,"140 Methoden werden untersucht."
"Message",Low,"130 Methoden werden untersucht."
"Message",Low,"56 Methoden werden untersucht."
"Message",Low,"16 Methoden werden untersucht."
"Message",Low,"14 Methoden werden untersucht."
"Message",Low,"2 Methoden werden untersucht."
"Message",Low,"6 Methoden werden untersucht."
"Message",Low,"12 Methoden werden untersucht."
"Message",Low,"14 Methoden werden untersucht."
"Message",Low,"13 Methoden werden untersucht."
"Message",Low,"Vorzeitige Codegenerierung"
"Message",Low,"47350 Methoden werden kompiliert."
"Message",Low,"Verzögerte Codegenerierung"
"Message",Low,"7 Methoden werden kompiliert."
"Message",Low,"5 Methoden werden kompiliert."
"Message",Low,"2 Methoden werden kompiliert."
"Message",Low,"Aufrufen der verwalteten Methode Initialize erfolgreich; Exitcode: 0 bei der CTL-Generierung.Stapelüberwachungs-Metadatenstatistik"
"Message",Low,"Anzahl der ausgegebenen Methoden:   26230"
"Message",Low,"Metadaten-Blobgröße:          533972"
"Message",Low,"Methoden-RVA – Tokenzuordnungsgröße: 209840"
"Message",Low,"Native Größe gesamt:           743812"
"Message",Low,"""C:\Users\zivi\Desktop\Projects (GIT)\API-2-OOP\API2OOP_UWP\obj\x64\Release\ilc\intermediate\MDIL\API2OOP.mdilexe"" wurde generiert"
"Message",Low,"""C:\Users\zivi\Desktop\Projects (GIT)\API-2-OOP\API2OOP_UWP\obj\x64\Release\ilc\intermediate\MDIL\API2OOP.mdilpdb"" wurde generiert"
"Message",Low,"Kompiliert in MDIL-Code."
"Message",Normal,"""C:\Program Files (x86)\Microsoft SDKs\UWPNuGetPackages\runtime.win10-x64.microsoft.net.native.compiler\2.2.7-rel-27913-00\tools\x64\ilc\Tools\nutc_driver.exe @""C:\Users\zivi\Desktop\Projects (GIT)\API-2-OOP\API2OOP_UWP\obj\x64\Release\ilc\intermediate\MDIL\API2OOP.rsp"""" wurde abgeschlossen."
"Message",Normal,"Statistiken für die Prozessausführung (alle Zeitangaben in Millisekunden)"
"Message",Normal,"-----------------------------------------------------------------------------"
"Message",Normal,"Start |  Starten   |   Beenden   |   Ende    | Dauer | Lebensdauer | [Slot] Name"
"Message",Normal,"-----------------------------------------------------------------------------"
"Message",Normal,"       0 |       47 |    41735 |    41735 |    41688 |    41735 | [0] Nutc GlobalAnalysis"
"Message",Normal,"Anzahl der Befehle:      1"
"Message",Normal,"Systemzeit gesamt:       41735 ms"
"Message",Normal,"Systemzeit pro Befehl: 41735 ms"
"Message",Normal,"Dauer gesamt:          41688 ms"
"Message",Normal,"Lebensdauer gesamt:          41735 ms"
"Message",Normal,"Angeforderter DOP:           4"
"Message",Normal,"Dauer DOP:            1,0"
"Message",Normal,"Lebensdauer DOP:            1,0"
"Message",Low,"Die Ausführung von Task ""GenerateMDILGlobalAnalysis"" wurde beendet."
"Message",Low,"Die Erstellung des Ziels ""GenerateMDILGlobalAnalysis"" in der Datei ""Nutc"" ist abgeschlossen."
"Message",Low,""
"Message",Low,"Task ""rc"""
"Message",Normal,"""C:\Program Files (x86)\Windows Kits\10\bin\10.0.18362.0\x64\rc.exe /c ""65001"" /r /fo ""C:\Users\zivi\Desktop\Projects (GIT)\API-2-OOP\API2OOP_UWP\obj\x64\Release\ilc\intermediate\BuildInfo\BuildInfo.res"" ""C:\Users\zivi\Desktop\Projects (GIT)\API-2-OOP\API2OOP_UWP\obj\x64\Release\ilc\intermediate\BuildInfo\BuildInfo.rc"""" wird gestartet."
"Message",Low,"Microsoft (R) Windows (R) Resource Compiler Version 10.0.10011.16384"
"Message",Low,"Copyright (C) Microsoft Corporation.  All rights reserved."
"Message",Normal,"""C:\Program Files (x86)\Windows Kits\10\bin\10.0.18362.0\x64\rc.exe /c ""65001"" /r /fo ""C:\Users\zivi\Desktop\Projects (GIT)\API-2-OOP\API2OOP_UWP\obj\x64\Release\ilc\intermediate\BuildInfo\BuildInfo.res"" ""C:\Users\zivi\Desktop\Projects (GIT)\API-2-OOP\API2OOP_UWP\obj\x64\Release\ilc\intermediate\BuildInfo\BuildInfo.rc"""" wurde abgeschlossen."
"Message",Normal,"Statistiken für die Prozessausführung (alle Zeitangaben in Millisekunden)"
"Message",Normal,"-----------------------------------------------------------------------------"
"Message",Normal,"Start |  Starten   |   Beenden   |   Ende    | Dauer | Lebensdauer | [Slot] Name"
"Message",Normal,"-----------------------------------------------------------------------------"
"Message",Normal,"       0 |       31 |       62 |       62 |       31 |       62 | [0] rc"
"Message",Normal,"Anzahl der Befehle:      1"
"Message",Normal,"Systemzeit gesamt:       62 ms"
"Message",Normal,"Systemzeit pro Befehl: 62 ms"
"Message",Normal,"Dauer gesamt:          31 ms"
"Message",Normal,"Lebensdauer gesamt:          62 ms"
"Message",Normal,"Angeforderter DOP:           4"
"Message",Normal,"Dauer DOP:            0,5"
"Message",Normal,"Lebensdauer DOP:            1,0"
"Message",Low,"Die Ausführung von Task ""rc"" wurde beendet."
"Message",Low,"Task ""ResourceBinaryConcatenate"""
"Message",Normal,"Die Verkettung in ""C:\Users\zivi\Desktop\Projects (GIT)\API-2-OOP\API2OOP_UWP\obj\x64\Release\ilc\intermediate\Native.res"" wird mit der Ausrichtung ""4"" ausgeführt."
"Message",Normal," ""C:\Users\zivi\Desktop\Projects (GIT)\API-2-OOP\API2OOP_UWP\obj\x64\Release\ilc\intermediate\ILTransformed\API2OOP.res"" wurde am Offset 0 hinzugefügt."
"Message",Normal," ""C:\Users\zivi\Desktop\Projects (GIT)\API-2-OOP\API2OOP_UWP\obj\x64\Release\ilc\intermediate\BuildInfo\BuildInfo.res"" wurde am Offset 1408 hinzugefügt."
"Message",Low,"Die Ausführung von Task ""ResourceBinaryConcatenate"" wurde beendet."
"Message",Low,"Die Erstellung des Ziels ""GenerateBuildInfo"" in der Datei ""Nutc"" ist abgeschlossen."
"Message",Low,"Die Erstellung des Projekts ""Nutc"" ist abgeschlossen."
"Message",Low,""
"Message",Low,""
"Message",Low,"Die Erstellung des Ziels ""MDILBindPrepare"" in der Datei ""Binder"" ist abgeschlossen."
"Message",Low,""
"Message",High,"Korrekturen für nativen Code werden erstellt."
"Message",Low,"Task ""MDILBind"""
"Message",Normal,"""C:\Program Files (x86)\Microsoft SDKs\UWPNuGetPackages\runtime.win10-x64.microsoft.net.native.compiler\2.2.7-rel-27913-00\tools\x64\ilc\Tools\rhbind.exe @""C:\Users\zivi\Desktop\Projects (GIT)\API-2-OOP\API2OOP_UWP\obj\x64\Release\ilc\intermediate\rhbindargs.API2OOP.rsp"""" wird gestartet."
"Message",Low,"BS-VERSION: Hauptversion: 6 Nebenversion: 2"
"Message",Low,"MDIL: C:\Users\zivi\Desktop\Projects (GIT)\API-2-OOP\API2OOP_UWP\obj\x64\Release\ilc\intermediate\MDIL\API2OOP.mdilexe"
"Message",Low,"MDILPDB: C:\Users\zivi\Desktop\Projects (GIT)\API-2-OOP\API2OOP_UWP\obj\x64\Release\ilc\intermediate\MDIL\API2OOP.mdilpdb"
"Message",Low,"IL: C:\Users\zivi\Desktop\Projects (GIT)\API-2-OOP\API2OOP_UWP\obj\x64\Release\ilc\intermediate\MDIL\API2OOP.ilexe"
"Message",Low,"NI: C:\Users\zivi\Desktop\Projects (GIT)\API-2-OOP\API2OOP_UWP\obj\x64\Release\ilc\intermediate\Native\API2OOP.dll"
"Message",Low,"SHIM: C:\Users\zivi\Desktop\Projects (GIT)\API-2-OOP\API2OOP_UWP\obj\x64\Release\ilc\intermediate\Native\API2OOP.exe"
"Message",Low,"REDHAWK_RUNTIME_DLL_NAME_A=mrt100_app.dll"
"Message",Low,"pdb: C:\Users\zivi\Desktop\Projects (GIT)\API-2-OOP\API2OOP_UWP\obj\x64\Release\ilc\intermediate\Native\API2OOP.pdb"
"Message",Low," C:\Users\zivi\Desktop\Projects (GIT)\API-2-OOP\API2OOP_UWP\obj\x64\Release\ilc\intermediate\Native\API2OOP.dll in 2.795 Sekunden erstellt"
"Message",Normal,"""C:\Program Files (x86)\Microsoft SDKs\UWPNuGetPackages\runtime.win10-x64.microsoft.net.native.compiler\2.2.7-rel-27913-00\tools\x64\ilc\Tools\rhbind.exe @""C:\Users\zivi\Desktop\Projects (GIT)\API-2-OOP\API2OOP_UWP\obj\x64\Release\ilc\intermediate\rhbindargs.API2OOP.rsp"""" wurde abgeschlossen."
"Message",Normal,"Statistiken für die Prozessausführung (alle Zeitangaben in Millisekunden)"
"Message",Normal,"-----------------------------------------------------------------------------"
"Message",Normal,"Start |  Starten   |   Beenden   |   Ende    | Dauer | Lebensdauer | [Slot] Name"
"Message",Normal,"-----------------------------------------------------------------------------"
"Message",Normal,"       0 |       62 |     2922 |     2922 |     2860 |     2922 | [0] rhbind API2OOP"
"Message",Normal,"Anzahl der Befehle:      1"
"Message",Normal,"Systemzeit gesamt:       2922 ms"
"Message",Normal,"Systemzeit pro Befehl: 2922 ms"
"Message",Normal,"Dauer gesamt:          2860 ms"
"Message",Normal,"Lebensdauer gesamt:          2922 ms"
"Message",Normal,"Angeforderter DOP:           4"
"Message",Normal,"Dauer DOP:            1,0"
"Message",Normal,"Lebensdauer DOP:            1,0"
"Message",Low,"Die Ausführung von Task ""MDILBind"" wurde beendet."
"Message",Low,"Die Erstellung des Ziels ""MDILBind"" in der Datei ""Binder"" ist abgeschlossen."
"Message",Low,"Die Erstellung des Projekts ""Binder"" ist abgeschlossen."
"Message",Low,""
"Message",Low,""
"Message",Low,"Die Erstellung des Ziels ""CopyNativeExecutablesToOutput"" in der Datei ""Deployment"" ist abgeschlossen."
"Message",Low,""
"Message",Low,"Task ""TransformAppxManifest"""
"Message",Low,"Die Ausführung von Task ""TransformAppxManifest"" wurde beendet."
"Message",Low,"Die Erstellung des Ziels ""TransformAppxManifestAndAddCrt"" in der Datei ""Deployment"" ist abgeschlossen."
"Message",Low,""
"Message",Low,"Die Erstellung des Ziels ""CopyPackageResourceFileInRetailBuild"" in der Datei ""Deployment"" ist abgeschlossen."
"Message",Low,"Die Erstellung des Projekts ""Deployment"" ist abgeschlossen."
"Message",Low,"Die Kompilierung wurde abgeschlossen."
